{
  "project_info": {
    "project_number": "107311351296",
    "project_id": "expense-ease-71723",
    "storage_bucket": "expense-ease-71723.appspot.com"
  },
  "client": [
    {
      "client_info": {
        "mobilesdk_app_id": "1:107311351296:android:2e2b5bb1cc3ab3092fbae5",
        "android_client_info": {
          "package_name": "com.example.expenseease"
        }
      },
      "oauth_client": [],
      "api_key": [
        {
          "current_key": "AIzaSyDHBlzn8kletFMwDMes0uRiCq08aAQvmpE"
        }
      ],
      "services": {
        "appinvite_service": {
          "other_platform_oauth_client": []
        }
      }
    }
  ],
  "configuration_version": "1"
}